method,mean_pct_err,median_pct_err,max_pct_err,min_pct_err
gpq,7.568849625363892,7.568849625363892,7.568849625363892,7.568849625363892
hsgp,7.981404070673857,7.981404070673857,7.981404070673857,7.981404070673857
quantum_analytical,7.981392931557593,7.981392931557593,7.981392931557593,7.981392931557593
quantum,3.6053218052826708,3.6053218052826708,3.6053218052826708,3.6053218052826708
