method,mean_pct_err,median_pct_err,max_pct_err,min_pct_err
gpq,3.2160079395533225,2.1804151709129638,7.678198412834937,0.004137862926555633
hsgp,3.728917267411995,1.915408645641447,9.810453492101715,0.0043547597069537435
quantum_analytical,3.7288511233713755,1.9154077538512428,9.810849304408489,0.004332849189179375
