dist_name,gpq_pct_err,hsgp_pct_err,quantum_analytical_pct_err,quantum_pct_err
gamma,15.619971280559621,14.891860197190047,14.892488068493535,9.221790734559878
lognormal,51.36537497988917,63.88541203207518,63.885583297471,4.912276241890984
pareto,90.33911931012878,194.1837693198587,194.1812470845952,14.820656358706092
poisson,7.850854979379415,7.606289341096476,7.606289341082819,1.6389280435421067
weibull,3.227346102357963,3.524414954602478,3.5244849232431052,2.6079124549697212
