payoff_name,gpq_mse,hsgp_mse,quantum_analytical_mse,quantum_mse
deductible_with_limit,0.01599017732931935,0.017071683118102865,0.017071611965251313,0.013250342351814081
franchise_deductible,0.6271363368046707,1.8255827072146609,1.8255819315368975,0.19320747195402269
ordinary_deductible,0.023074607253861106,0.023886304105858798,0.023885736672290728,0.014308753956263543
policy_limit,0.5671638904081778,1.7747083278220388,1.774703675927866,0.193853094485598
stop_loss,0.023074607253861106,0.023886304105858798,0.023885736672290728,0.014308753956263543
