dist_name,gpq_mse,hsgp_mse,quantum_analytical_mse,quantum_mse
gamma,0.02226069454014284,0.02139743449137683,0.021397510971818107,0.015677833308103527
lognormal,0.10448015416210932,0.10388289204902272,0.10388699094458465,0.056582215726980155
pareto,1.0886273974252516,3.5015034333852433,3.501494699460994,0.31425807322251786
poisson,0.0329393340327546,0.030690664547877534,0.030688750218898397,0.027772108854988913
weibull,0.008132038889631732,0.007660901892999941,0.007660741178300333,0.014638185591371408
