dist_name,gpq_pct_err,hsgp_pct_err,quantum_analytical_pct_err,quantum_pct_err
gamma,7.312085447885477,7.2900619900337436,7.290086403311738,6.510003310758586
lognormal,12.45050277195836,13.267717411263495,13.267935017678093,7.813436051872084
pareto,53.22718034406885,95.0474776748902,95.04737553148297,3.615211685657792
poisson,2.3813039522552693,2.3694420671137606,2.369330590168366,1.485359329762654
weibull,1.169442645153066,1.175851863948441,1.1755078981592904,1.4086073938371155
