dist_name,gpq_pct_err,hsgp_pct_err,quantum_analytical_pct_err,quantum_pct_err
gamma,7.312085447885477,7.2900619900337436,7.290086403311738,3.4685719581006955
lognormal,12.45050277195836,13.267717411263495,13.267935017678093,7.491754105105024
pareto,53.22718034406885,95.0474776748902,95.04737553148297,12.256668455905704
poisson,2.3813039522552693,2.3694420671137606,2.369330590168366,1.3865343176255776
weibull,1.169442645153066,1.175851863948441,1.1755078981592904,4.719790144467034
