dist_name,gpq_pct_err,hsgp_pct_err
gamma,8.668887906271015,8.61315229734813
lognormal,31.71219141063806,32.16261657182935
pareto,19.359731910589964,19.33627937284566
weibull,6.229050980401757,6.223928174587063
