payoff_name,gpq_pct_err,hsgp_pct_err,quantum_analytical_pct_err
deductible_with_limit,4.425000676532896,5.099829534802022,5.099922587894665
franchise_deductible,1.3130764017108634,2.0237758154817245,2.0230189778331202
ordinary_deductible,4.200498858245334,4.814504760491415,4.814585183571668
policy_limit,1.9409649030321865,1.8919714657933937,1.8921436839857555
stop_loss,4.200498858245334,4.814504760491415,4.814585183571668
