dist_name,gpq_pct_err,hsgp_pct_err,quantum_analytical_pct_err,quantum_pct_err
gamma,2.0425678291282896,1.5063780156834732,1.506373008296947,1.014437396594361
lognormal,5.5769098739519,6.803783997552564,6.80364021651318,3.5591243425086825
pareto,5.067398823997346,6.462221856467939,6.4621303281679685,29.045503361379524
weibull,0.17715523116690468,0.14328519994582278,0.14326095938812022,1.3367871471809516
