payoff_name,gpq_pct_err,hsgp_pct_err,quantum_analytical_pct_err,quantum_pct_err
deductible_with_limit,4.425000676518939,5.099829534803689,5.099922591076263,5.995319154866273
franchise_deductible,1.31307640174624,2.023775815476232,2.02301899051351,14.250213082350442
ordinary_deductible,4.200498858254073,4.81450476049075,4.8145851867312555,5.804251238127829
policy_limit,1.940964903032225,1.8919714658008295,1.8921436854054872,11.840780596107027
stop_loss,4.200498858254073,4.81450476049075,4.8145851867312555,5.804251238127829
