method,mean_pct_err,median_pct_err,max_pct_err,min_pct_err
gpq,33.680533330462985,15.132318368095401,107.67628803638776,2.787806238505069
hsgp,56.81834916896458,14.26313044347856,196.93232870185074,2.56823035586056
quantum_analytical,56.818018542977136,14.263504201246406,196.93223982993845,2.5682160251894413
quantum,6.6403127667337545,2.8588675327031674,70.52406153623603,0.19749240431827605
