dist_name,gpq_pct_err,hsgp_pct_err,quantum_analytical_pct_err,quantum_pct_err
pareto,7.568849625363892,7.981404070673857,7.981392931557593,19.30954274544333
