method,mean_pct_err,median_pct_err,max_pct_err,min_pct_err
gpq,16.492465551975194,10.443658163290227,41.64122015692849,3.8935591740820326
hsgp,16.583994104152556,10.418143196888254,42.17837010938674,3.8837506483692747
