method,mean_pct_err,median_pct_err,max_pct_err,min_pct_err
gpq,3.216007939561109,2.180415170923353,7.678198412764046,0.0041378629074524595
hsgp,3.7289172674124496,1.915408645638525,9.810453492104934,0.00435475970778702
quantum_analytical,3.7288511280915535,1.9154077614925868,9.810849303904895,0.004332846593087979
quantum,8.73896306191588,0.7755797354839726,49.62114943385572,0.02974493800746548
