payoff_name,gpq_pct_err,hsgp_pct_err
deductible_with_limit,21.41651283391097,21.51625862762661
franchise_deductible,10.16632009207275,10.253301343609778
ordinary_deductible,20.019070474295972,20.10275619184272
policy_limit,10.841353885300324,10.944898165840934
stop_loss,20.019070474295972,20.10275619184272
