payoff_name,gpq_pct_err,hsgp_pct_err,quantum_analytical_pct_err,quantum_pct_err
deductible_with_limit,4.425000676532896,4.539541832955228,4.53955937674224,2.8681902759956603
franchise_deductible,1.3130764017108634,1.6793068696718576,1.679091710672147,2.0093377582582113
ordinary_deductible,4.200498858245334,4.3128965645294,4.312912374348166,3.1733933513996027
policy_limit,1.9409649030321865,2.0479251234184748,2.0479252770326033,5.136991418614595
stop_loss,4.200498858245334,4.3128965645294,4.312912374348166,3.1733933513996027
