payoff_name,gpq_pct_err,hsgp_pct_err,quantum_analytical_pct_err,quantum_pct_err
deductible_with_limit,7.464252743847071,8.907079748829412,8.907039419864258,3.762917409595363
franchise_deductible,29.495183375661895,47.94466581566533,47.944559501028394,3.9526045687914655
ordinary_deductible,8.48085635014866,9.864795844302671,9.86475075309487,4.598905618492976
policy_limit,22.61936634151474,42.56921375414956,42.56913501371806,3.919284556515452
stop_loss,8.48085635014866,9.864795844302671,9.86475075309487,4.598905618492976
