dist_name,gpq_pct_err,hsgp_pct_err,quantum_analytical_pct_err,quantum_pct_err
gamma,2.0425678291282896,1.5063780156834732,1.506373008296947,1.367526821099218
lognormal,5.5769098739519,6.803783997552564,6.80364021651318,4.458149404940199
pareto,5.067398823997346,6.462221856467939,6.4621303281679685,29.161843172564296
weibull,0.17715523116690468,0.14328519994582278,0.14326095938812022,0.8820350375476643
