method,mean_pct_err,median_pct_err,max_pct_err,min_pct_err
gpq,3.2160079395533225,2.1804151709129638,7.678198412834937,0.004137862926555633
hsgp,3.378513391020872,2.1980006608535643,8.094803037173621,0.0015565243484145235
quantum_analytical,3.3784802226286637,2.1978933127078744,8.094791784857868,0.0015349334812274373
quantum,3.272261231133535,1.9958490687634503,11.286382985111143,0.7562493092782825
