payoff_name,gpq_pct_err,hsgp_pct_err,quantum_analytical_pct_err,quantum_pct_err
deductible_with_limit,37.13433675160424,60.700343778426465,60.70046596478706,6.144643856170197
franchise_deductible,32.5801796966557,53.10878993381639,53.10690940504587,17.973182231844945
ordinary_deductible,36.750046373963485,59.300904243152274,59.30101698544282,3.590271691044986
policy_limit,25.18805745612802,51.68080364627549,51.680683374167074,1.9031943635636643
stop_loss,36.750046373963485,59.300904243152274,59.30101698544282,3.590271691044986
