payoff_name,gpq_pct_err,hsgp_pct_err,quantum_analytical_pct_err,quantum_pct_err
deductible_with_limit,7.464252743847071,8.907079748829412,8.907039419864258,2.8630285103288107
franchise_deductible,29.495183375661895,47.94466581566533,47.944559501028394,8.549441457019354
ordinary_deductible,8.48085635014866,9.864795844302671,9.86475075309487,3.405042272636115
policy_limit,22.61936634151474,42.56921375414956,42.56913501371806,11.100764468583641
stop_loss,8.48085635014866,9.864795844302671,9.86475075309487,3.405042272636115
