dist_name,gpq_pct_err,hsgp_pct_err,quantum_analytical_pct_err
gamma,2.0425678291468445,1.506378015685147,1.5063730150457815
lognormal,5.576909873976858,6.8037839975513865,6.803640217017606
pareto,5.067398823934947,6.462221856465978,6.462130305735142
weibull,0.17715523115464224,0.14328519994546562,0.14326095568697292
