dist_name,gpq_pct_err,hsgp_pct_err,quantum_analytical_pct_err,quantum_pct_err
gamma,2.0425678291468445,2.0488200908422702,2.0487688717614665,4.823102484235499
lognormal,5.576909873976858,5.645530666144536,5.645532191617637,35.52540290214343
pareto,5.067398823934947,5.645001053756102,5.644932583607831,9.91385326459087
weibull,0.17715523115464224,0.1747017533405805,0.1746872435277242,2.5542633587467476
